400,410,420,430,440,450,460,470,480,490,500,510,520,530,540,550,560,570,580,590,600,610,620,630,640,650,660,670,680,690,700
0.7725677,0.7193756,0.9012299,0.9485474,0.9552612,0.9571075,0.9565735,0.9566193,0.9485168,0.8756256,0.9366608,0.8707123,0.8305969,0.8581696,0.8540344,0.8107147,0.7618256,0.7141724,0.7921753,0.8895111,0.8957672,0.9321136,0.9581451,0.962677,0.9200592,0.940155,0.9493408,0.9267273,0.9369812,0.9376831,0.90448
0.7713318,0.7195892,0.901474,0.9488068,0.9555359,0.9573822,0.9568481,0.9568787,0.9598083,0.9073792,0.9472046,0.8996124,0.8535919,0.8723297,0.8580475,0.8284912,0.7775421,0.7325287,0.815033,0.912262,0.9077301,0.9448395,0.9607239,0.9647064,0.9385376,0.9451752,0.954071,0.9371796,0.9509277,0.9475403,0.9204865
0.7733459,0.7196503,0.9015656,0.9488983,0.9556122,0.9574738,0.9569397,0.9569702,0.9598999,0.914978,0.9492493,0.9081726,0.86409,0.8760986,0.8693085,0.8279572,0.7773285,0.7245331,0.818634,0.9127655,0.9197388,0.9470215,0.9608154,0.964798,0.9441528,0.9526367,0.9588165,0.9438782,0.954895,0.9514008,0.9291382
0.7731018,0.7194214,0.9012604,0.9485931,0.955307,0.9571533,0.9566193,0.956665,0.9595947,0.9088287,0.9495544,0.9142303,0.8635712,0.8782501,0.8670197,0.8318024,0.7900085,0.7388306,0.8188324,0.9194641,0.9231567,0.9494324,0.960495,0.9644775,0.9486389,0.9571686,0.9591217,0.9453583,0.9592743,0.955658,0.9372406
0.7732391,0.7195587,0.9014282,0.948761,0.9554901,0.9573364,0.9568024,0.9568329,0.9597626,0.9205933,0.9542236,0.9183807,0.8729095,0.8996124,0.8839722,0.8416443,0.7959747,0.7405396,0.8308868,0.9254608,0.9324341,0.95578,0.9606781,0.9646606,0.9509888,0.9591064,0.9593048,0.9491272,0.9604797,0.9577026,0.9394836
0.7732086,0.7195282,0.901413,0.9487305,0.9554596,0.9573059,0.9567719,0.9568024,0.9597321,0.9165497,0.9519653,0.9121857,0.8646851,0.8877411,0.884201,0.8371735,0.789856,0.733902,0.8254395,0.9311218,0.9366913,0.9530945,0.9606476,0.9646301,0.9504242,0.9594727,0.9592743,0.9485931,0.9604492,0.9566345,0.9391785
0.7732391,0.7195587,0.9014282,0.948761,0.9554901,0.9573364,0.9568024,0.9568329,0.9597626,0.9335022,0.9557037,0.9302826,0.8858795,0.9042664,0.9016724,0.848938,0.8042603,0.7444153,0.8278809,0.9317627,0.9374542,0.9528198,0.9606781,0.9646606,0.9517365,0.9595337,0.9593048,0.9517365,0.9612732,0.9577026,0.9415588
0.7732086,0.7195129,0.9013977,0.9487152,0.9554443,0.9572906,0.9567566,0.9567871,0.9597168,0.917038,0.9482269,0.9112701,0.8727112,0.8915253,0.8872986,0.8431549,0.8047638,0.737442,0.8213654,0.9330444,0.9330292,0.9529266,0.9606323,0.9646149,0.9483032,0.9562531,0.959259,0.9469299,0.9600983,0.956955,0.937912
0.772934,0.7192688,0.9010773,0.9483948,0.9551086,0.956955,0.9564362,0.9564667,0.9593964,0.9113312,0.9486694,0.9058685,0.8651733,0.8919373,0.8861389,0.8419647,0.8037415,0.7447815,0.8339386,0.9326324,0.930954,0.9526825,0.9602966,0.9642792,0.9498596,0.9568939,0.9589233,0.9457092,0.9572754,0.9567108,0.9342804
0.7731323,0.7194519,0.9013062,0.9486389,0.9553528,0.9571991,0.956665,0.9567108,0.9596252,0.9178162,0.9464874,0.90271,0.8650208,0.888382,0.8831329,0.8372345,0.7967529,0.7315521,0.8175049,0.9226227,0.9216003,0.949707,0.9605408,0.9645233,0.9450073,0.9563599,0.9591675,0.9398499,0.9543304,0.9524689,0.9295349
0.7702942,0.7195587,0.9014282,0.948761,0.9554901,0.9573364,0.9568024,0.9568329,0.9570312,0.8958588,0.9422302,0.8934784,0.8486786,0.8573761,0.8539276,0.8157806,0.7630768,0.707016,0.7997437,0.8994141,0.911377,0.9459381,0.9606781,0.9646606,0.9382629,0.9487762,0.9556732,0.9310455,0.95047,0.9492188,0.921402
0.7731476,0.7194672,0.9013214,0.9486542,0.955368,0.9572144,0.9566803,0.9567261,0.9596405,0.919693,0.9464111,0.9151917,0.8762512,0.8756409,0.8670654,0.8329315,0.7876892,0.73172,0.8039856,0.91539,0.9230347,0.9503937,0.960556,0.9645386,0.9440002,0.9554291,0.9591827,0.9482422,0.9584808,0.9575806,0.9380493
0.7732086,0.7195282,0.901413,0.9487305,0.9554596,0.9573059,0.9567719,0.9568024,0.9597321,0.9302368,0.9504242,0.9230042,0.8864899,0.8881226,0.8843689,0.8531952,0.807373,0.7464294,0.8371124,0.9360046,0.9367676,0.9587097,0.9606476,0.9646301,0.951889,0.9602814,0.9592743,0.9539642,0.9621429,0.9576721,0.9454041
0.7731171,0.7194366,0.9012909,0.9486237,0.9553375,0.9571838,0.9566498,0.9566956,0.9596252,0.9419861,0.9565887,0.9443512,0.9121552,0.9140625,0.9194946,0.8716583,0.8308716,0.7712402,0.8638458,0.9453583,0.9478302,0.9588165,0.9605255,0.9645081,0.9574585,0.9612274,0.9591522,0.9566345,0.9620209,0.95755,0.9466248
0.7732544,0.7195587,0.9014435,0.9487762,0.9555054,0.9573517,0.9568176,0.9568481,0.9597778,0.9509277,0.9567566,0.9514465,0.9185333,0.9313965,0.9334106,0.9022675,0.8467407,0.7934875,0.8771515,0.9491882,0.9521637,0.9589844,0.9606934,0.9646759,0.9576263,0.9613953,0.9593201,0.957016,0.9621887,0.9577179,0.9503479
0.7731628,0.7194824,0.9013519,0.9486847,0.9553986,0.9572449,0.9567108,0.9567566,0.959671,0.9530334,0.9566498,0.9510651,0.932785,0.941864,0.940506,0.9076691,0.8595581,0.7980652,0.8970032,0.950882,0.9550018,0.9588776,0.9605865,0.9645691,0.9575195,0.9612885,0.9592133,0.9569244,0.9620819,0.9576111,0.9502411
0.7732544,0.7195587,0.9014435,0.9487762,0.9555054,0.9573517,0.9568176,0.9568481,0.9597778,0.9576569,0.9567566,0.9561005,0.9412384,0.9494476,0.949173,0.930069,0.8738556,0.8180084,0.909729,0.9564819,0.9588928,0.9589844,0.9606934,0.9646759,0.9576263,0.9613953,0.9593201,0.957016,0.9621887,0.9577179,0.9503479
0.7730255,0.7193451,0.9011841,0.9485016,0.9552155,0.9570618,0.9565277,0.9565735,0.9595032,0.9524384,0.9564667,0.9476929,0.9206848,0.932724,0.9330292,0.8900299,0.8420868,0.7929535,0.8822479,0.9515228,0.9551086,0.9586945,0.9604034,0.964386,0.9573364,0.9611053,0.9590302,0.9567413,0.9618988,0.957428,0.9500732
0.7730865,0.7194061,0.9012451,0.9485779,0.9552917,0.9571381,0.956604,0.9566498,0.9595795,0.9389038,0.956543,0.9375,0.8961334,0.9254456,0.9252014,0.8792267,0.8366241,0.775528,0.8643494,0.9482727,0.9505463,0.9587708,0.9604797,0.9644623,0.9574127,0.9611816,0.9591064,0.9568176,0.9619751,0.9575043,0.9501495
0.7730865,0.7194061,0.9012451,0.9485779,0.9552917,0.9571381,0.956604,0.9566498,0.9595795,0.9426727,0.956543,0.9454956,0.913559,0.9368134,0.9326019,0.8954773,0.8485107,0.7832184,0.8704987,0.9490356,0.952713,0.9587708,0.9604797,0.9644623,0.9574127,0.9611816,0.9591064,0.9568176,0.9619751,0.9575043,0.9501495
0.7732849,0.7195892,0.9014893,0.948822,0.9555511,0.9573975,0.9568634,0.9568939,0.9598236,0.9462891,0.9568024,0.9493866,0.9200592,0.9355469,0.9281616,0.8977966,0.8510437,0.7882385,0.8781586,0.9501801,0.9522552,0.9590302,0.9607391,0.9647217,0.9576721,0.961441,0.9593658,0.9570618,0.9622345,0.9577637,0.9495544
0.7731018,0.7194214,0.9012604,0.9485931,0.955307,0.9571533,0.9566193,0.956665,0.9595947,0.9440002,0.9565582,0.9400482,0.9123993,0.9253387,0.9178925,0.8798828,0.8261566,0.7660065,0.8486633,0.940567,0.9416809,0.958786,0.960495,0.9644775,0.9566956,0.9611969,0.9591217,0.9557343,0.9619904,0.9575195,0.9460297
0.7731934,0.7195129,0.9013824,0.9487,0.9554291,0.9572754,0.9567413,0.9567719,0.9597015,0.9082336,0.949707,0.8939056,0.8538208,0.8767242,0.8710327,0.8312531,0.7764435,0.7126465,0.8026581,0.9054413,0.9155884,0.9495544,0.9606171,0.9645996,0.9473419,0.9545135,0.9592438,0.9451141,0.9552917,0.9552307,0.9340057
0.7729034,0.7194061,0.9012451,0.9485779,0.9552917,0.9571381,0.956604,0.9566498,0.9595795,0.8973541,0.9414825,0.8919525,0.855072,0.8479462,0.8449249,0.8117676,0.7753754,0.7123108,0.7940674,0.8994598,0.9170685,0.94664,0.9604797,0.9644623,0.9437408,0.9538727,0.9590912,0.9422302,0.9529419,0.9549713,0.9302979
0.7731476,0.7194672,0.9013367,0.9486694,0.9553833,0.9572296,0.9566956,0.9567413,0.9596558,0.9328308,0.9566345,0.9369965,0.8942719,0.8917847,0.8941498,0.8554688,0.8065948,0.7463989,0.8238525,0.9334717,0.9395447,0.9553833,0.9605713,0.9645538,0.9537048,0.9586334,0.959198,0.9492798,0.9620667,0.9575958,0.9440765
0.7732849,0.7195892,0.9014893,0.948822,0.9555511,0.9573975,0.9568634,0.9568939,0.9598236,0.9494019,0.9568024,0.944397,0.919281,0.9244995,0.9193268,0.8798065,0.8346863,0.7679749,0.852951,0.942337,0.9505615,0.9590302,0.9607391,0.9647217,0.9576721,0.961441,0.9593658,0.9570618,0.9622345,0.9577637,0.9503937
0.7728729,0.7192078,0.9010162,0.9483185,0.9550323,0.9568787,0.9563599,0.9563904,0.9593201,0.9521332,0.9562988,0.9504395,0.9303894,0.9333801,0.931076,0.8932495,0.8519135,0.7935028,0.8876801,0.9533997,0.9562073,0.9585266,0.9602356,0.9642029,0.9571533,0.9609222,0.958847,0.9565582,0.961731,0.9572601,0.9498901
0.7732086,0.7195282,0.901413,0.9487305,0.9554596,0.9573059,0.9567719,0.9568024,0.9597321,0.9576111,0.9567108,0.9585876,0.9481659,0.9522858,0.9487305,0.9181824,0.8828888,0.819397,0.9205933,0.9564362,0.958847,0.9589386,0.9606476,0.9646301,0.9575806,0.9613495,0.9592743,0.9569702,0.9621429,0.9576721,0.9503021
0.7732544,0.7195587,0.9014435,0.9487762,0.9555054,0.9573517,0.9568176,0.9568481,0.9597778,0.9576569,0.9567566,0.9586334,0.955719,0.9573822,0.9567719,0.9400482,0.8983917,0.8419037,0.9281464,0.9564819,0.9588928,0.9589844,0.9606934,0.9646759,0.9576263,0.9613953,0.9593201,0.957016,0.9621887,0.9577179,0.9503479
0.7731628,0.7194824,0.9013519,0.9486847,0.9553986,0.9572449,0.9567108,0.9567566,0.959671,0.95755,0.9566498,0.9585266,0.9508362,0.9534912,0.9571228,0.9369507,0.9034576,0.8475647,0.9321289,0.9563751,0.958786,0.9588776,0.9605865,0.9645691,0.9575195,0.9612885,0.9592133,0.9569244,0.9620819,0.9576111,0.9502411
0.7732086,0.7195282,0.901413,0.9487305,0.9554596,0.9573059,0.9567719,0.9568024,0.9597321,0.9576111,0.9567108,0.9585876,0.9567719,0.958725,0.9593506,0.9443817,0.9213562,0.8682098,0.9452057,0.9564362,0.958847,0.9589386,0.9606476,0.9646301,0.9575806,0.9613495,0.9592743,0.9569702,0.9621429,0.9576721,0.9503021
0.7732697,0.7195892,0.901474,0.9488068,0.9555359,0.9573822,0.9568481,0.9568787,0.9598083,0.9576874,0.9567871,0.9586639,0.9521942,0.956604,0.957016,0.9355164,0.8976288,0.8525543,0.9287415,0.9565125,0.9589233,0.9590149,0.9607239,0.9647064,0.9576569,0.9614258,0.9593506,0.9570465,0.9622192,0.9577484,0.9503784
0.7731018,0.7194214,0.9012756,0.9486084,0.9553223,0.9571686,0.9566345,0.9566803,0.95961,0.9574738,0.9565735,0.9584503,0.9455261,0.9548035,0.9533691,0.9380035,0.8998871,0.8339996,0.9134979,0.9562988,0.9587097,0.9588013,0.9605103,0.9644928,0.9574432,0.9612122,0.959137,0.9568481,0.9620056,0.9575348,0.9501801
0.7731476,0.7194672,0.9013367,0.9486694,0.9553833,0.9572296,0.9566956,0.9567413,0.9596558,0.9575348,0.9566345,0.958374,0.9452209,0.9504089,0.9473572,0.9263306,0.8762817,0.8156433,0.9072876,0.9563599,0.9585724,0.9588623,0.9605713,0.9645538,0.9575043,0.9612732,0.959198,0.9569092,0.9620667,0.9575958,0.9502258
0.7732086,0.7195129,0.9013977,0.9487152,0.9554443,0.9572906,0.9567566,0.9567871,0.9597168,0.9513702,0.9566956,0.9506531,0.9364929,0.9393616,0.937561,0.9012146,0.8580627,0.7918549,0.8827667,0.9503021,0.9490204,0.9589233,0.9606323,0.9646149,0.9575653,0.9613342,0.959259,0.956955,0.9621277,0.9576569,0.9502869
0.7730713,0.7193909,0.9012299,0.9485626,0.9552765,0.9571228,0.9565887,0.9566345,0.9595642,0.9329071,0.9538269,0.9293671,0.8827972,0.8993988,0.8953094,0.8522797,0.8073578,0.7494354,0.8446198,0.9311981,0.9358673,0.9580841,0.9604645,0.964447,0.9563141,0.9611664,0.9590912,0.9539337,0.9619598,0.957489,0.9432373
0.7732697,0.719574,0.9014587,0.9487915,0.9555206,0.9573669,0.9568329,0.9568634,0.9597931,0.9235382,0.953186,0.9231262,0.87117,0.8820953,0.8728485,0.8395081,0.7895203,0.7328339,0.8249817,0.9256592,0.9282532,0.9500122,0.9607086,0.9646912,0.9468842,0.9584351,0.9593353,0.9465332,0.9576416,0.9555054,0.9352264
0.7719116,0.7195282,0.901413,0.9487305,0.9554596,0.9573059,0.9567719,0.9568024,0.9580688,0.901062,0.9436493,0.8784332,0.8475037,0.8615723,0.8517914,0.8148041,0.7597046,0.7048492,0.7862854,0.9028625,0.9177246,0.9498444,0.9606476,0.9646301,0.9452515,0.9530792,0.959259,0.9447327,0.9564667,0.9550781,0.9332275
0.7731171,0.7194366,0.9012909,0.9486237,0.9553375,0.9571838,0.9566498,0.9566956,0.9596252,0.9353485,0.956131,0.9263153,0.8848572,0.893692,0.8872681,0.8514557,0.8009186,0.7398529,0.8288269,0.9302521,0.9376831,0.9555206,0.9605255,0.9645081,0.9555969,0.9612274,0.9591522,0.9519348,0.9620209,0.95755,0.9457855
0.7729797,0.7192993,0.901123,0.9484406,0.9551544,0.9570007,0.9564819,0.9565125,0.9594421,0.9556885,0.9564056,0.9546661,0.9368134,0.9396362,0.935257,0.9028778,0.850708,0.7936859,0.8821259,0.9496002,0.9551849,0.9586334,0.9603424,0.964325,0.9572754,0.9610443,0.9589691,0.9566803,0.961853,0.9573822,0.9500122
0.7730408,0.7193604,0.9011993,0.9485168,0.9552307,0.957077,0.956543,0.9565887,0.9595184,0.9573822,0.9564819,0.9582367,0.9474487,0.9500275,0.9509735,0.9283447,0.8843689,0.821579,0.912262,0.9562073,0.9586182,0.9587097,0.9604187,0.9644012,0.9573517,0.9611206,0.9590454,0.9567566,0.9619141,0.9574432,0.9500885
0.7733307,0.719635,0.901535,0.9488678,0.9555817,0.9574432,0.9569092,0.9569397,0.9598694,0.9577484,0.9568481,0.958725,0.9582825,0.9588623,0.9594879,0.9503174,0.9283752,0.8671112,0.9477386,0.9565735,0.9589844,0.9590759,0.9607849,0.9647675,0.9577026,0.9614868,0.9594116,0.9571075,0.9622803,0.9578094,0.9504395
0.7730865,0.7194061,0.9012451,0.9485779,0.9552917,0.9571381,0.956604,0.9566498,0.9595795,0.9574432,0.956543,0.9584198,0.9579773,0.9585724,0.959198,0.9534607,0.9333496,0.8773041,0.9504395,0.9562683,0.9586792,0.9587708,0.9604797,0.9644623,0.9574127,0.9611816,0.9591064,0.9568176,0.9619751,0.9575043,0.9501495
0.7731018,0.7194214,0.9012604,0.9485931,0.955307,0.9571533,0.9566193,0.956665,0.9595947,0.9574585,0.9565582,0.9584351,0.9579926,0.9585876,0.9592133,0.9500275,0.9277496,0.875946,0.9457703,0.9562836,0.9586945,0.958786,0.960495,0.9644775,0.957428,0.9611969,0.9591217,0.9568329,0.9619904,0.9575195,0.9501648
0.7732697,0.7195892,0.901474,0.9488068,0.9555359,0.9573822,0.9568481,0.9568787,0.9598083,0.9576874,0.9567871,0.9586639,0.9582214,0.9588013,0.9594269,0.9551086,0.9400024,0.8951263,0.950882,0.9565125,0.9589233,0.9590149,0.9607239,0.9647064,0.9576569,0.9614258,0.9593506,0.9570465,0.9622192,0.9577484,0.9503784
0.7733612,0.7196655,0.9015808,0.9489136,0.9556274,0.9574738,0.956955,0.9569855,0.9599152,0.9577942,0.9568939,0.9587708,0.9583282,0.9589081,0.9595337,0.9552155,0.9514465,0.9294281,0.9577026,0.9566193,0.9590149,0.9591217,0.9608307,0.9648132,0.9577484,0.9615326,0.9594574,0.9571533,0.962326,0.9578552,0.9504852
0.7733154,0.7196198,0.9015198,0.9488525,0.9555664,0.957428,0.9568939,0.9569244,0.9598541,0.9577332,0.9568329,0.9587097,0.9582672,0.958847,0.9594727,0.9531097,0.9360504,0.8807678,0.9476318,0.9565582,0.9589691,0.9590607,0.9607697,0.9647522,0.9576874,0.9614716,0.9593964,0.9570923,0.962265,0.9577942,0.9504242
0.7733002,0.7196045,0.9015045,0.9488373,0.9555511,0.9574127,0.9568787,0.9569092,0.9598389,0.9577179,0.9568176,0.9580841,0.9477234,0.9493866,0.949707,0.9272308,0.8761597,0.8213959,0.9072418,0.956543,0.9583893,0.9590454,0.9607544,0.9647369,0.9576721,0.9614563,0.9593811,0.957077,0.9622498,0.9577789,0.9504089
0.7730255,0.7193451,0.9011841,0.9485016,0.9552155,0.9570618,0.9565277,0.9565735,0.9595032,0.9484711,0.9564667,0.9482727,0.9266663,0.927063,0.9295197,0.8885956,0.8437347,0.7832336,0.872406,0.9504852,0.9510193,0.9586945,0.9604034,0.964386,0.9573364,0.9611053,0.9590302,0.9567413,0.9618988,0.957428,0.9500732
0.7728577,0.7192078,0.901001,0.9483032,0.9550171,0.9568634,0.9563446,0.9563751,0.9593048,0.9447327,0.9562836,0.9451904,0.9223175,0.9323883,0.913269,0.8722229,0.8304901,0.7705841,0.8482056,0.9338684,0.9416962,0.9585114,0.9602203,0.9641876,0.9523773,0.9594879,0.9588318,0.9464569,0.9601288,0.9561615,0.9384613
0.7700958,0.7194214,0.9012604,0.9485931,0.955307,0.9571533,0.9566193,0.956665,0.9595947,0.9235382,0.9503937,0.9079895,0.8677826,0.8785248,0.8724518,0.8272705,0.7729034,0.7209778,0.8064423,0.9041443,0.9133301,0.9464264,0.960495,0.9644775,0.9454956,0.9511871,0.9588928,0.9407043,0.9554138,0.9511566,0.9276581
0.7731018,0.7194214,0.9012604,0.9485931,0.955307,0.9571533,0.9566193,0.956665,0.9595947,0.9452667,0.9565582,0.9444275,0.9099426,0.9252167,0.921463,0.8769531,0.8239441,0.7649536,0.8540344,0.943512,0.9448547,0.958786,0.960495,0.9644775,0.957428,0.9611969,0.9591217,0.9538879,0.9619904,0.9575195,0.9430542
0.7733307,0.719635,0.9015503,0.9488831,0.9555969,0.9574585,0.9569244,0.956955,0.9598846,0.9493408,0.9568634,0.9477844,0.9219513,0.9358673,0.9350281,0.8954315,0.8516998,0.7882996,0.8796387,0.950531,0.9550171,0.9590912,0.9608002,0.9647827,0.9577179,0.9615021,0.9594269,0.9571228,0.9622955,0.9578247,0.9504547
0.7730103,0.7193298,0.9011688,0.9484863,0.9552002,0.9570465,0.9565125,0.9565582,0.9594879,0.9573517,0.9564514,0.9583282,0.9578857,0.9584808,0.9591064,0.9547882,0.9575043,0.9302826,0.9572601,0.956192,0.9585876,0.9586792,0.9603882,0.9643707,0.9573212,0.9610901,0.9590149,0.9567261,0.9618988,0.9574127,0.950058
0.7729492,0.7192841,0.9010925,0.94841,0.9551239,0.9569702,0.9564514,0.9564819,0.9594116,0.9572906,0.9563904,0.958252,0.9578094,0.9584045,0.9590302,0.9547119,0.9590607,0.9479828,0.9571838,0.9561157,0.9585114,0.9586029,0.9603119,0.9642944,0.9572449,0.9610138,0.9589386,0.9566498,0.9618225,0.9573517,0.9499817
0.7732697,0.7195892,0.901474,0.9488068,0.9555359,0.9573822,0.9568481,0.9568787,0.9598083,0.9576874,0.9567871,0.9586639,0.9582214,0.9588013,0.9594269,0.9551086,0.9594727,0.9506989,0.9575958,0.9565125,0.9589233,0.9590149,0.9607239,0.9647064,0.9576569,0.9614258,0.9593506,0.9570465,0.9622192,0.9577484,0.9503784
0.7729797,0.7193146,0.9011383,0.9484558,0.9551697,0.957016,0.9564972,0.9565277,0.9594574,0.9573364,0.9564209,0.9582977,0.9578552,0.9584503,0.9590759,0.9473724,0.9255981,0.880722,0.9472504,0.9561615,0.9585571,0.9586487,0.9603577,0.9643402,0.9572906,0.9610596,0.9589844,0.9566956,0.9618683,0.9573822,0.9500275
0.7731323,0.7194519,0.9013062,0.9486389,0.9553528,0.9571991,0.956665,0.9567108,0.9596252,0.947052,0.956604,0.9514465,0.921814,0.9380646,0.9295044,0.891098,0.852005,0.7956696,0.8783569,0.9509277,0.9561615,0.9588318,0.9605408,0.9645233,0.9574738,0.9612427,0.9591675,0.9568787,0.9620361,0.9575653,0.9502106
0.7730255,0.7193451,0.9011841,0.9485016,0.9552155,0.9570618,0.9565277,0.9565735,0.9595032,0.9391785,0.9553986,0.9318237,0.8981934,0.9173126,0.9039001,0.8674469,0.8272858,0.7623444,0.8462372,0.9355316,0.9424286,0.9586945,0.9604034,0.964386,0.9530029,0.9610901,0.9590302,0.9507904,0.9613495,0.957428,0.9429932
0.765564,0.7196808,0.9015961,0.9489288,0.9556427,0.957489,0.9569702,0.9570007,0.9599304,0.9129944,0.9496613,0.9012909,0.868454,0.8746796,0.8746185,0.8342133,0.7789917,0.7267761,0.8208923,0.9223328,0.9332581,0.9506378,0.9608459,0.9648285,0.9471283,0.9536896,0.9589081,0.9401855,0.9520721,0.9505005,0.9239807
0.7731323,0.7194519,0.9013062,0.9486389,0.9553528,0.9571991,0.956665,0.9567108,0.9596252,0.941864,0.956604,0.934494,0.8947296,0.907608,0.8964844,0.8559113,0.8039703,0.7561493,0.8513794,0.9394989,0.9441833,0.9588318,0.9605408,0.9645233,0.9574738,0.9612427,0.9591675,0.9538727,0.9620361,0.9575653,0.9425354
0.7731323,0.7194519,0.9013062,0.9486389,0.9553528,0.9571991,0.956665,0.9567108,0.9596252,0.9511871,0.956604,0.9476471,0.9282684,0.9352112,0.9277496,0.8886566,0.8330078,0.7813263,0.8672638,0.9464874,0.952713,0.9588318,0.9605408,0.9645233,0.9574738,0.9612427,0.9591675,0.9568787,0.9620361,0.9575653,0.9502106
0.7729492,0.7192841,0.9010925,0.94841,0.9551239,0.9569702,0.9564514,0.9564819,0.9594116,0.9572906,0.9563904,0.958252,0.9460907,0.9526825,0.9533081,0.929245,0.8928986,0.8336029,0.9198608,0.9561157,0.9585114,0.9586029,0.9603119,0.9642944,0.9572449,0.9610138,0.9589386,0.9566498,0.9618225,0.9573517,0.9499817
0.7731628,0.7194824,0.9013519,0.9486847,0.9553986,0.9572449,0.9567108,0.9567566,0.959671,0.95755,0.9566498,0.9585266,0.9580841,0.9586792,0.9592896,0.9549713,0.9478912,0.9115295,0.9572601,0.9563751,0.958786,0.9588776,0.9605865,0.9645691,0.9575195,0.9612885,0.9592133,0.9569244,0.9620819,0.9576111,0.9502411
0.7732544,0.7195587,0.9014435,0.9487762,0.9555054,0.9573517,0.9568176,0.9568481,0.9597778,0.9576569,0.9567566,0.9586334,0.9482117,0.9545288,0.9531403,0.9368134,0.8945618,0.8252716,0.924118,0.9564819,0.9588928,0.9589844,0.9606934,0.9646759,0.9576263,0.9613953,0.9593201,0.957016,0.9621887,0.9577179,0.9503479
0.7732697,0.719574,0.9014587,0.9487915,0.9555206,0.9573669,0.9568329,0.9568634,0.9597931,0.9504089,0.9567719,0.9470367,0.9230652,0.9334106,0.9344177,0.9046783,0.8599854,0.7945709,0.8855591,0.953186,0.9573212,0.9589996,0.9607086,0.9646912,0.9576416,0.9614105,0.9593353,0.9570312,0.962204,0.9577332,0.9503632
0.7699738,0.7194977,0.9013672,0.9486847,0.9554138,0.9572601,0.9567261,0.9567566,0.9596863,0.9317474,0.9529877,0.9253693,0.8818359,0.894516,0.8905029,0.8482513,0.7959137,0.7369995,0.8272858,0.9282227,0.9349976,0.9564362,0.9606018,0.9645844,0.954361,0.9602661,0.9592285,0.949295,0.9609985,0.9571381,0.9343719
0.7731323,0.7194519,0.9013062,0.9486389,0.9553528,0.9571991,0.956665,0.9567108,0.9596252,0.954834,0.956604,0.9517975,0.9207611,0.9355316,0.9299774,0.892334,0.8388824,0.7831726,0.8756561,0.950592,0.954483,0.9588318,0.9605408,0.9645233,0.9574738,0.9612427,0.9591675,0.9568787,0.9620361,0.9575653,0.9502106
0.773056,0.7193756,0.9012299,0.9485474,0.9552612,0.9571075,0.9565735,0.9566193,0.959549,0.9574127,0.9565125,0.9576874,0.9405975,0.9492035,0.947876,0.9228821,0.8846436,0.8187561,0.9104919,0.9562378,0.9586487,0.9587402,0.9604492,0.9644318,0.9573822,0.9611511,0.9590759,0.9567871,0.9619446,0.9574738,0.950119
0.7732697,0.719574,0.9014587,0.9487915,0.9555206,0.9573669,0.9568329,0.9568634,0.9597931,0.9531555,0.9567719,0.9485168,0.9281006,0.9314423,0.9302979,0.891861,0.8519745,0.7855988,0.8816376,0.950943,0.9528809,0.9589996,0.9607086,0.9646912,0.9576416,0.9614105,0.9593353,0.9570312,0.962204,0.9577332,0.9503632
0.773056,0.7193756,0.9012299,0.9485474,0.9552612,0.9571075,0.9565735,0.9566193,0.959549,0.9454803,0.9565125,0.9400482,0.8991089,0.9128876,0.9096527,0.8688354,0.8245544,0.7612762,0.8565063,0.9384308,0.941864,0.9587402,0.9604492,0.9644318,0.9560394,0.9611511,0.9590759,0.9546814,0.9619446,0.9574738,0.9439087
0.7731323,0.7194519,0.9013062,0.9486389,0.9553528,0.9571991,0.956665,0.9567108,0.9596252,0.9030609,0.9406433,0.8911133,0.8553009,0.8678131,0.8555145,0.8177795,0.7744751,0.7160339,0.8034515,0.9008636,0.9066467,0.9408417,0.9605408,0.9645233,0.9366913,0.9455872,0.9561462,0.9378357,0.9509888,0.9456635,0.9193268
0.7731628,0.7194824,0.9013519,0.9486847,0.9553986,0.9572449,0.9567108,0.9567566,0.959671,0.9397125,0.9562836,0.9326172,0.889389,0.9096222,0.896286,0.8647766,0.8074799,0.7429199,0.8322144,0.9340057,0.946228,0.9588776,0.9605865,0.9645691,0.9571991,0.9612885,0.9592133,0.9562073,0.9620819,0.9576111,0.9451752
0.772934,0.7192688,0.9010773,0.9483948,0.9551086,0.956955,0.9564362,0.9564667,0.9593964,0.9572754,0.9563751,0.9582367,0.9577942,0.9583893,0.9590149,0.9546967,0.9590454,0.9575195,0.9571686,0.9561005,0.9584961,0.9585876,0.9602966,0.9642792,0.9572296,0.9609985,0.9589233,0.9566345,0.9618073,0.9573364,0.9499664
0.7731476,0.7194672,0.9013214,0.9486542,0.955368,0.9572144,0.9566803,0.9567261,0.9596405,0.9575195,0.9566193,0.9584961,0.9449158,0.9553833,0.9522095,0.9325409,0.8886566,0.8323975,0.9179382,0.9563446,0.9587555,0.958847,0.960556,0.9645386,0.957489,0.9612579,0.9591827,0.9568939,0.9620514,0.9575806,0.9502106
0.7732086,0.7195282,0.901413,0.9487305,0.9554596,0.9573059,0.9567719,0.9568024,0.9597321,0.9539337,0.9567108,0.954422,0.9317322,0.9381714,0.9291534,0.9019012,0.8545074,0.7971802,0.8829803,0.9517517,0.9542236,0.9589386,0.9606476,0.9646301,0.9575806,0.9613495,0.9592743,0.9569702,0.9621429,0.9576721,0.9503021
0.7731476,0.7194672,0.9013367,0.9486694,0.9553833,0.9572296,0.9566956,0.9567413,0.9596558,0.928299,0.9534149,0.9246979,0.8838196,0.9004974,0.892395,0.8589935,0.8074036,0.747818,0.8358917,0.935791,0.9370575,0.9572296,0.9605713,0.9645538,0.9530182,0.9612732,0.959198,0.9527588,0.9620667,0.9575958,0.9425354
0.7683868,0.7195129,0.9013824,0.9487,0.9554291,0.9572754,0.9567413,0.9567719,0.9597015,0.9288788,0.9532776,0.9293976,0.8791809,0.8903046,0.8744354,0.8382874,0.7861328,0.7328186,0.8213043,0.9221344,0.9309692,0.9538116,0.9606171,0.9645996,0.94841,0.954895,0.9592438,0.9425354,0.9527283,0.9503174,0.9288177
0.7731171,0.7194366,0.9012909,0.9486237,0.9553375,0.9571838,0.9566498,0.9566956,0.9596252,0.9475098,0.9565887,0.9408722,0.9118805,0.9293365,0.9225616,0.8860626,0.8314362,0.7738647,0.8667603,0.9466553,0.952179,0.9588165,0.9605255,0.9645081,0.9574585,0.9612274,0.9591522,0.9568634,0.9620209,0.95755,0.9485626
0.7729645,0.7192993,0.9011078,0.9484253,0.9551392,0.9569855,0.9564667,0.9564972,0.9594269,0.9573059,0.9564056,0.9582672,0.9578247,0.9584198,0.9590454,0.9547272,0.9481201,0.9011078,0.9571991,0.956131,0.9585266,0.9586182,0.9603271,0.9643097,0.9572601,0.9610291,0.9589539,0.956665,0.9618378,0.9573669,0.9499969
0.772995,0.7193298,0.9011536,0.9484711,0.9551849,0.9570312,0.9564972,0.956543,0.9594727,0.9486389,0.9564362,0.9453888,0.9085541,0.9274139,0.9225159,0.8848572,0.8390503,0.7758789,0.876236,0.9477081,0.9525452,0.9586639,0.9603729,0.9643555,0.9573059,0.9610748,0.9589996,0.9567108,0.9618835,0.9573975,0.9500427
0.773056,0.7193756,0.9012299,0.9485474,0.9552612,0.9571075,0.9565735,0.9566193,0.959549,0.9375305,0.9545593,0.935791,0.8892059,0.9001465,0.898056,0.8500061,0.8043671,0.7510071,0.8362732,0.9317627,0.9360809,0.9550171,0.9604492,0.9644318,0.9502258,0.9608917,0.9590759,0.947052,0.9589844,0.9571075,0.9379425
0.7670898,0.7193146,0.9011383,0.9484558,0.9551697,0.957016,0.9564972,0.9565277,0.9594574,0.93013,0.9553528,0.9324493,0.8890228,0.8991852,0.8907471,0.851059,0.8017883,0.7467194,0.8273468,0.930603,0.9405975,0.9579773,0.9603577,0.9643402,0.952179,0.9597778,0.9589844,0.9497833,0.959198,0.9572296,0.9361877
0.7730255,0.7193451,0.9011841,0.9485016,0.9552155,0.9570618,0.9565277,0.9565735,0.9595032,0.9573669,0.9564667,0.9520874,0.9341888,0.9476929,0.9395752,0.9184418,0.8673096,0.8016663,0.9012299,0.9552307,0.9561768,0.9586945,0.9604034,0.964386,0.9573364,0.9611053,0.9590302,0.9567413,0.9618988,0.957428,0.9500732
0.7731781,0.7194977,0.9013672,0.9486847,0.9554138,0.9572601,0.9567261,0.9567566,0.9596863,0.9506683,0.956665,0.9392395,0.9128723,0.9281464,0.9170532,0.8684845,0.822464,0.7751312,0.8545227,0.9432831,0.947937,0.9588928,0.9606018,0.9645844,0.9560699,0.9613037,0.9592285,0.9568787,0.9620972,0.9576263,0.9451904
0.7732544,0.7195587,0.9014435,0.9487762,0.9555054,0.9573517,0.9568176,0.9568481,0.9597778,0.9256592,0.9468079,0.9159546,0.8738251,0.8884277,0.8751984,0.8457642,0.7910461,0.7462311,0.8188171,0.9177094,0.9277954,0.9527435,0.9606934,0.9646759,0.9424744,0.9519501,0.9575348,0.9378357,0.9525909,0.9519043,0.9284973
0.7691498,0.7194366,0.9012909,0.9486237,0.9553375,0.9571838,0.9566498,0.9566956,0.9596252,0.9369507,0.9555359,0.9296112,0.8947144,0.9055023,0.881958,0.8525391,0.8027954,0.7463531,0.8379517,0.9387665,0.9453888,0.9588165,0.9605255,0.9645081,0.9573822,0.9602051,0.9591522,0.9537964,0.9619446,0.95755,0.941803
0.7730255,0.7193451,0.9011841,0.9485016,0.9552155,0.9570618,0.9565277,0.9565735,0.9595032,0.9573669,0.9564667,0.9577484,0.9428711,0.949646,0.9423218,0.9091644,0.8657532,0.8127747,0.9065247,0.9560699,0.9586029,0.9586945,0.9604034,0.964386,0.9573364,0.9611053,0.9590302,0.9567413,0.9618988,0.957428,0.9500732
0.7731781,0.7194977,0.9013672,0.9486847,0.9554138,0.9572601,0.9567261,0.9567566,0.9596863,0.9326477,0.9538879,0.9233246,0.8911896,0.9065704,0.899231,0.8506317,0.8029175,0.7460175,0.8378448,0.9309845,0.9359436,0.9537659,0.9606018,0.9645844,0.9502563,0.9581299,0.9592285,0.9490662,0.9620972,0.9576263,0.9387512
0.7674408,0.7194977,0.9013672,0.9486847,0.9554138,0.9572601,0.9567261,0.9567566,0.9596863,0.9379883,0.956665,0.9432068,0.9015198,0.9184113,0.8999634,0.8632965,0.8129578,0.7549133,0.8518219,0.9417572,0.9488678,0.9588928,0.9606018,0.9645844,0.9555969,0.9613037,0.9592285,0.9535217,0.9620972,0.9576263,0.943512
0.7729187,0.7192535,0.9010468,0.9483643,0.9550781,0.9569244,0.9564056,0.9564362,0.9593658,0.9572449,0.9563446,0.9582214,0.9501343,0.956543,0.955719,0.9345398,0.8959198,0.8337402,0.9250336,0.9560699,0.9584656,0.9585571,0.9602661,0.9642487,0.9571991,0.960968,0.9588928,0.956604,0.9617767,0.9573059,0.9499359
0.7732697,0.7195892,0.901474,0.9488068,0.9555359,0.9573822,0.9568481,0.9568787,0.9598083,0.9531403,0.9567871,0.9482574,0.9206085,0.9329681,0.9294128,0.886795,0.8364258,0.7775421,0.8600006,0.9443512,0.9495544,0.9590149,0.9607239,0.9647064,0.9567871,0.9614258,0.9593506,0.9555969,0.9622192,0.9577484,0.9487
0.7659454,0.7192688,0.9010773,0.9483948,0.9551086,0.956955,0.9564362,0.9564667,0.9593964,0.9313812,0.9555817,0.930542,0.8882446,0.9036255,0.8937836,0.8453217,0.7959137,0.7401428,0.8312378,0.9359131,0.9442902,0.9585876,0.9602966,0.9642792,0.9558868,0.9609985,0.9589233,0.9546967,0.9618073,0.9573364,0.9440002
0.7731323,0.7194519,0.9013062,0.9486389,0.9553528,0.9571991,0.956665,0.9567108,0.9596252,0.9575043,0.956604,0.9584808,0.9580383,0.9586334,0.9592438,0.9549255,0.9504089,0.9055481,0.9574127,0.9563293,0.9587402,0.9588318,0.9605408,0.9645233,0.9574738,0.9612427,0.9591675,0.9568787,0.9620361,0.9575653,0.9502106
0.7730713,0.7193909,0.9012299,0.9485626,0.9552765,0.9571228,0.9565887,0.9566345,0.9595642,0.9537201,0.9565277,0.9497375,0.9334412,0.9450836,0.9303284,0.8941956,0.8435364,0.7898407,0.8802948,0.9529114,0.9526672,0.9587555,0.9604645,0.964447,0.9573975,0.9611664,0.9590912,0.9568024,0.9619598,0.957489,0.9501343
0.7732544,0.7195587,0.9014435,0.9487762,0.9555054,0.9573517,0.9568176,0.9568481,0.9597778,0.9157562,0.9478149,0.90625,0.861908,0.8780212,0.8676453,0.824646,0.7811584,0.7300415,0.8130035,0.9245453,0.9255829,0.9493256,0.9606934,0.9646759,0.9490814,0.9534302,0.9593201,0.9455872,0.9559631,0.9549408,0.9369965
0.7654877,0.7193756,0.9012299,0.9485474,0.9552612,0.9571075,0.9565735,0.9566193,0.959549,0.9413147,0.9565125,0.9352417,0.9033661,0.9053345,0.9049072,0.8600006,0.8011475,0.7450256,0.8306885,0.9382782,0.9454956,0.9587402,0.9604492,0.9644318,0.9571228,0.9611511,0.9590759,0.9554596,0.9619446,0.9574738,0.9435425
0.7731476,0.7194672,0.9013367,0.9486694,0.9553833,0.9572296,0.9566956,0.9567413,0.9596558,0.9550629,0.9566345,0.9525146,0.9383545,0.9434357,0.9427948,0.8996887,0.8576508,0.7858276,0.8868256,0.9547882,0.9587708,0.9588623,0.9605713,0.9645538,0.9575043,0.9612732,0.959198,0.9569092,0.9620667,0.9575958,0.9502258
0.7731476,0.7194672,0.9013367,0.9486694,0.9553833,0.9572296,0.9566956,0.9567413,0.9596558,0.9339294,0.9566345,0.9220886,0.8871918,0.9031525,0.8922272,0.8572235,0.8046722,0.749649,0.8432465,0.9366302,0.9390564,0.955246,0.9605713,0.9645538,0.9523773,0.9578247,0.959198,0.947464,0.9602203,0.9575958,0.9382477
0.76297,0.7195587,0.9014435,0.9487762,0.9555054,0.9573517,0.9568176,0.9568481,0.9597778,0.9353943,0.9560547,0.931427,0.8917236,0.8872223,0.8939667,0.8510284,0.7896576,0.7439117,0.8330078,0.936142,0.9457703,0.9589844,0.9606934,0.9646759,0.9542694,0.9596252,0.9593201,0.9515686,0.9616394,0.9577179,0.9409332
0.7732697,0.7195892,0.901474,0.9488068,0.9555359,0.9573822,0.9568481,0.9568787,0.9598083,0.9576874,0.9567871,0.9565735,0.9373627,0.9422607,0.943924,0.9114532,0.857254,0.7941742,0.8827362,0.9547577,0.9589233,0.9590149,0.9607239,0.9647064,0.9576569,0.9614258,0.9593506,0.9570465,0.9622192,0.9577484,0.9503784
0.7731781,0.7194977,0.9013672,0.9486847,0.9554138,0.9572601,0.9567261,0.9567566,0.9596863,0.9420166,0.956665,0.9408112,0.9145508,0.9183502,0.9160004,0.8721008,0.8184357,0.7660828,0.8547058,0.9412079,0.9454041,0.9588928,0.9606018,0.9645844,0.9542694,0.9613037,0.9592285,0.9495697,0.9604645,0.9576263,0.9412231
0.7706451,0.7192993,0.9011078,0.9484253,0.9551392,0.9569855,0.9564667,0.9564972,0.9594269,0.9059906,0.94487,0.8861237,0.8635864,0.8673706,0.8553162,0.8146057,0.77388,0.7125244,0.7980194,0.9005737,0.9086304,0.9419556,0.9594116,0.9643097,0.9379883,0.9434204,0.9541321,0.9300385,0.9467926,0.9464722,0.9197845
0.7557983,0.7193909,0.9012299,0.9485626,0.9552765,0.9571228,0.9565887,0.9566345,0.9595642,0.9130554,0.9485474,0.9080048,0.8681335,0.8694458,0.8619232,0.8275452,0.7819519,0.7218475,0.8078156,0.9246216,0.9376221,0.9568481,0.9604645,0.964447,0.951889,0.9595642,0.9590912,0.9498901,0.9601135,0.9557648,0.9349365
0.7731018,0.7194214,0.9012756,0.9486084,0.9553223,0.9571686,0.9566345,0.9566803,0.95961,0.9555511,0.9565735,0.9541779,0.940094,0.9411316,0.9364777,0.8941956,0.8478088,0.7885895,0.873291,0.9533539,0.9587097,0.9588013,0.9605103,0.9644928,0.9574432,0.9612122,0.959137,0.9568481,0.9620056,0.9575348,0.9499817
0.7730408,0.7193756,0.9012146,0.9485321,0.955246,0.9570923,0.9565582,0.956604,0.9595337,0.9573975,0.9564972,0.958374,0.9579315,0.9585266,0.9591522,0.950882,0.9328918,0.8699341,0.94664,0.9562225,0.9586334,0.958725,0.960434,0.9644165,0.9573669,0.9611359,0.9590607,0.9567719,0.9619293,0.9574585,0.9501038
0.7731018,0.7194214,0.9012604,0.9485931,0.955307,0.9571533,0.9566193,0.956665,0.9595947,0.9463501,0.9565582,0.9423828,0.9053345,0.9199829,0.911438,0.8678284,0.8248901,0.7739563,0.8603363,0.9433899,0.9447937,0.958786,0.960495,0.9644775,0.9567566,0.9611969,0.9591217,0.9542389,0.9619904,0.9575195,0.9469299
0.7728882,0.7195892,0.9014893,0.948822,0.9555511,0.9573975,0.9568634,0.9568939,0.9598236,0.9129028,0.9509735,0.9111938,0.8653259,0.8749542,0.866745,0.8313751,0.7793427,0.7240448,0.8188629,0.9161835,0.9156799,0.9457855,0.9607391,0.9647217,0.9429474,0.9519043,0.9571533,0.9345245,0.9507599,0.9474487,0.9233856
0.7548828,0.7194214,0.9012604,0.9485931,0.955307,0.9571533,0.9566193,0.956665,0.9595947,0.9235077,0.9518127,0.914093,0.8633575,0.8733826,0.8608551,0.8174286,0.7634888,0.7115936,0.806839,0.9183807,0.931778,0.9559784,0.960495,0.9644775,0.9516144,0.9600983,0.9591217,0.9485931,0.9577789,0.9559631,0.9325104
0.7677917,0.7192993,0.901123,0.9484406,0.9551544,0.9570007,0.9564819,0.9565125,0.9594421,0.9472809,0.9564056,0.9458313,0.9153137,0.9149017,0.9120331,0.8637695,0.8117676,0.7523346,0.8485413,0.9440918,0.9484863,0.9586334,0.9603424,0.964325,0.9572754,0.9610443,0.9589691,0.9566803,0.961853,0.9573822,0.9449463
0.7732086,0.7195282,0.901413,0.9487305,0.9554596,0.9573059,0.9567719,0.9568024,0.9597321,0.9576111,0.9567108,0.9585876,0.9454346,0.9500885,0.9504852,0.923111,0.871582,0.8187103,0.9030457,0.9564362,0.958847,0.9589386,0.9606476,0.9646301,0.9575806,0.9613495,0.9592743,0.9569702,0.9621429,0.9576721,0.9503021
0.7731934,0.7195129,0.9013824,0.9487,0.9554291,0.9572754,0.9567413,0.9567719,0.9597015,0.9532776,0.9566803,0.9475861,0.9237213,0.9382629,0.932373,0.89328,0.8408813,0.784317,0.879776,0.9481201,0.9529114,0.9589081,0.9606171,0.9645996,0.95755,0.961319,0.9592438,0.9569092,0.9621124,0.9576416,0.9487762
0.772995,0.7193298,0.9011536,0.9484711,0.9551849,0.9570312,0.9564972,0.956543,0.9594727,0.9268341,0.9502716,0.9185333,0.8747101,0.8841095,0.8649597,0.8320618,0.7857971,0.7301483,0.8202209,0.9152679,0.9227905,0.9486237,0.9603729,0.9643555,0.9421997,0.956543,0.9589996,0.9424896,0.9530487,0.952652,0.930603
0.7610779,0.7194824,0.9013519,0.9486847,0.9553986,0.9572449,0.9567108,0.9567566,0.959671,0.9349365,0.9566498,0.9280701,0.8874512,0.890152,0.882843,0.8427429,0.8006287,0.7373962,0.8327942,0.9398193,0.9460907,0.9588776,0.9605865,0.9645691,0.9575195,0.9612885,0.9592133,0.9551697,0.9620819,0.9576111,0.93927
0.7731476,0.7194672,0.9013367,0.9486694,0.9553833,0.9572296,0.9566956,0.9567413,0.9596558,0.9575348,0.9566345,0.9547729,0.9413605,0.9473724,0.9426727,0.906311,0.8572083,0.8010406,0.8956757,0.9530487,0.9563751,0.9588623,0.9605713,0.9645538,0.9575043,0.9612732,0.959198,0.9569092,0.9620667,0.9575958,0.9482117
0.7720337,0.7193756,0.9012299,0.9485474,0.9552612,0.9571075,0.9565735,0.9566193,0.959549,0.9338226,0.9535828,0.9141846,0.8714905,0.8877869,0.879837,0.8336334,0.7825623,0.73349,0.8249359,0.9246368,0.929718,0.9510345,0.9604492,0.9644318,0.9464722,0.9584656,0.9590759,0.9429779,0.9558411,0.9512482,0.9317474
0.7537994,0.7195892,0.9014893,0.948822,0.9555511,0.9573975,0.9568634,0.9568939,0.9598236,0.9243774,0.9544525,0.9182281,0.8812866,0.8841705,0.8691254,0.8280487,0.7870331,0.7388458,0.8177185,0.9362183,0.9434967,0.9590302,0.9607391,0.9647217,0.9576721,0.961441,0.9593658,0.9523773,0.9622345,0.9564972,0.9364777
0.7678528,0.7193756,0.9012146,0.9485321,0.955246,0.9570923,0.9565582,0.956604,0.9595337,0.9472504,0.9564972,0.946701,0.9137726,0.9242401,0.9087524,0.8685303,0.8179779,0.7627563,0.8574524,0.9485168,0.9545135,0.958725,0.960434,0.9644165,0.9573669,0.9611359,0.9590607,0.9567719,0.9619293,0.9574585,0.9485931
0.7732391,0.7195587,0.9014282,0.948761,0.9554901,0.9573364,0.9568024,0.9568329,0.9597626,0.9576416,0.9567413,0.9586182,0.9503479,0.9524689,0.9503632,0.9301758,0.8790588,0.8171997,0.9178772,0.9564667,0.9588776,0.9589691,0.9606781,0.9646606,0.9576111,0.96138,0.9593048,0.9570007,0.9621735,0.9577026,0.9503326
0.7730255,0.7193451,0.9011841,0.9485016,0.9552155,0.9570618,0.9565277,0.9565735,0.9595032,0.9554749,0.9564667,0.9519653,0.9376831,0.9447174,0.9388428,0.9048615,0.8524628,0.7901917,0.8764191,0.948822,0.9541931,0.9586945,0.9604034,0.964386,0.9573364,0.9611053,0.9590302,0.9567413,0.9618988,0.957428,0.9467163
0.7699432,0.7194214,0.9012756,0.9486084,0.9553223,0.9571686,0.9566345,0.9566803,0.95961,0.9371948,0.9561462,0.9207611,0.8971558,0.9038391,0.894928,0.8361816,0.7899628,0.7444305,0.8318787,0.9314728,0.9351959,0.9542236,0.9605103,0.9644928,0.9484253,0.9567413,0.959137,0.9409332,0.9511871,0.9508972,0.9284821
0.7399292,0.7194672,0.9013214,0.9486542,0.955368,0.9572144,0.9566803,0.9567261,0.9596405,0.9133606,0.9485168,0.9026642,0.8615875,0.8718567,0.8575745,0.8170776,0.7690887,0.7192383,0.8026276,0.9138641,0.9280243,0.956131,0.960556,0.9645386,0.9476929,0.953598,0.9591827,0.9446716,0.9542084,0.9492798,0.9173889
0.7731171,0.7194366,0.9012909,0.9486237,0.9553375,0.9571838,0.9566498,0.9566956,0.9596252,0.9568329,0.9565887,0.9532623,0.936264,0.9462891,0.9348755,0.8966217,0.8464355,0.7836456,0.8873138,0.9563141,0.958725,0.9588165,0.9605255,0.9645081,0.9574585,0.9612274,0.9591522,0.9568634,0.9620209,0.95755,0.9501953
0.7731323,0.7194519,0.9013062,0.9486389,0.9553528,0.9571991,0.956665,0.9567108,0.9596252,0.9575043,0.956604,0.9584808,0.9504089,0.953476,0.9494324,0.9342041,0.8820038,0.8254242,0.9205017,0.9563293,0.9587402,0.9588318,0.9605408,0.9645233,0.9574738,0.9612427,0.9591675,0.9568787,0.9620361,0.9575653,0.9502106
0.7731781,0.7194977,0.9013672,0.9486847,0.9554138,0.9572601,0.9567261,0.9567566,0.9596863,0.9448547,0.956665,0.9433289,0.917038,0.9233093,0.9204254,0.8777924,0.8242035,0.771637,0.8610687,0.9429779,0.9497986,0.9588928,0.9606018,0.9645844,0.9575348,0.9613037,0.9592285,0.9569397,0.9620972,0.9576263,0.9476929
0.767868,0.7194824,0.9013519,0.9486847,0.9553986,0.9572449,0.9567108,0.9567566,0.959671,0.9139709,0.9473419,0.8925476,0.851593,0.8700562,0.8591003,0.812851,0.7724457,0.7176208,0.8082123,0.9082947,0.9227295,0.948761,0.9605865,0.9645691,0.9445038,0.9570312,0.9589081,0.9398956,0.951004,0.9489899,0.9299774
0.7566681,0.7194214,0.9012756,0.9486084,0.9553223,0.9571686,0.9566345,0.9566803,0.95961,0.9327698,0.9565735,0.928772,0.8820801,0.8866577,0.873703,0.8368683,0.7840424,0.7254639,0.8142242,0.9201355,0.9362793,0.9572754,0.9605103,0.9644928,0.9468842,0.9556885,0.959137,0.9462128,0.9566956,0.9520569,0.9316559
0.764679,0.7194214,0.9012604,0.9485931,0.955307,0.9571533,0.9566193,0.956665,0.9595947,0.9454498,0.9565582,0.9423218,0.903717,0.9167023,0.9078369,0.8620911,0.8137665,0.7519989,0.8464355,0.9435272,0.9505005,0.958786,0.960495,0.9644775,0.957428,0.9611969,0.9591217,0.9568329,0.9619904,0.9575195,0.9470062
0.7733002,0.7196045,0.9015045,0.9488373,0.9555511,0.9574127,0.9568787,0.9569092,0.9598389,0.9577179,0.9568176,0.958313,0.9447174,0.9520874,0.9422455,0.907074,0.8487854,0.7941132,0.8876953,0.956543,0.9589539,0.9590454,0.9607544,0.9647369,0.9576721,0.9614563,0.9593811,0.957077,0.9622498,0.9577789,0.9504089
0.7733765,0.7196808,0.9015961,0.9489288,0.9556427,0.957489,0.9569702,0.9570007,0.9599304,0.9578094,0.9569092,0.958786,0.9583435,0.9589233,0.959549,0.9451904,0.9092407,0.8538208,0.9369354,0.9566345,0.9590302,0.959137,0.9608459,0.9648285,0.9577637,0.9615479,0.9594727,0.9571686,0.9623413,0.9578705,0.9505005
